seaport_name,un_locode,pmo,latitude,longitude,seaport_type,n_vessels,n_passengers,year_stats
Port of Manila North Harbor,PHMNN,NCN,14.596667,120.954444,1,3228,776739,2024
Port of Cebu,PHCEB,CEB,10.306389,123.926111,1,78339,11858004,2025
Port of Danao,PHDNO,CEB,10.52069,124.02929,2,13114,978470,
Port of Sta. Fe,PHSNF*,CEB,11.16489,123.80516,2,19417,1037654,
Port of Toledo,PHTLD,CEB,10.37841,123.63387,2,11876,872091,
Port of Argao,PHARG*,CEB,9.9538,123.62289,2,22517,1043867,
Port of Nasipit,PHNAS,AGS,8.979803,125.336162,1,1133,430819,2024
Batangas International Port,PHBTG,BGS,13.75432,121.04339,1,24434,4879129,2024
Port of Romblon,PHRLN,BGS,12.57834,122.269061,2,2299,305782,2024
Port of Tablas,PHTBH,BGS,12.419678,121.988679,2,943,348232,2024
Port of Ambulong,PHAMB*,BGS,12.49397,122.48937,3,1323,239966,2024
Port of Nasugbu (Wawa),PHNUG,BGS,14.08385,120.62066,3,522,86662,2024
Port of San Agustin,PHAGN*,BGS,12.56735,122.13633,3,1912,233761,2024
Port of Legazpi,PHLEG,BCL,13.14533,123.75866,1,703,122336,2024
Port of Bulan,PHBUL,BCL,12.66603,123.87257,2,1838,115630,2024
Port of Matnog,PHMTN,BCL,12.58505,124.08598,2,9557,2087363,2024
Port of Pasacao,PHPAC*,BCL,13.50792,123.04251,2,815,105497,2024
Port of Pio Duran,PHPDN*,BCL,13.03278,123.44312,2,2065,329447,2024
Tabaco International Port,PHTBC,BCL,13.361555,123.736835,2,2519,533810,2024
Port of Virac,PHVRC,BCL,13.58296,124.23354,2,1107,120883,2024
Port of Castilla,PHCSL*,BCL,12.95641,123.88293,3,528,107607,2024
Port of Rapu-Rapu,PHRAP*,BCL,13.19439,124.12409,3,917,126474,2024
Port of San Andres (Catanduanes),PHANC*,BCL,13.59844,124.0963,3,1455,410521,2024
Port of Tagbilaran,PHTAG,BHL,9.64987,123.84598,1,7950,2526524,2024
Port of Getafe,PHGET*,BHL,10.1561,124.1587,2,5249,616519,2024
Port of Jagna,PHJAG,BHL,9.65001,124.36677,2,1050,382978,2024
Port of Loon,PHLON*,BHL,9.86263,123.82823,2,2328,145891,2024
Port of Talibon,PHTAL,BHL,10.16828,124.33028,2,2549,161083,2024
Port of Tubigon,PHTON,BHL,9.95729,123.95695,2,8185,1661729,2024
Port of Ubay,PHUBY*,BHL,10.06405,124.4732,2,2587,329990,2024
Port of Tapal,PHTAP,BHL,10.05393,124.52584,3,1369,48888,2024
Port of Davao,PHDVO,DVO,7.128234,125.663705,1,30808,1222061,2024
Port of Babak,PHBBK*,DVO,7.13464,125.68409,2,19211,2379395,2024
Port of Calbayog,PHCBY,ELS,12.06397,124.59136,2,1350,88269,2024
Port of Catbalogan,PHCTS,ELS,11.77584,124.87936,2,1325,34395,2024
Port of Liloan,PHLIL*,ELS,10.16005,125.12465,2,3063,486490,2024
Port of San Ricardo,PHRIC*,ELS,9.92397,125.29038,4,1583,199213,2024
Port of Allen,PHALL*,ELS,12.505,124.28433,4,8687,2011588,2024
Port of Iligan,PHIGN,LNI,8.23299,124.23326,1,513,87454,2024
Port of Mukas,PHMUK*,LNI,8.10433,123.84171,4,10204,1263802,2024
Port of Lucena,PHLUE,MRQ,13.90528,121.62094,1,5968,1087516,2024
Port of Balanacan,PHBCA*,MRQ,13.53539,121.86522,2,4800,846945,2024
Port of San Andres (Quezon),PHANQ*,MRQ,13.42378,122.68243,3,461,68310,2024
Port of Masbate,PHMBT,MSB,12.36944,123.61641,1,4860,769368,2024
Port of San Pascual,PHPCL*,MSB,13.12891,122.97534,2,952,140476,2024
Port of Cawayan,PHCAW*,MSB,11.94013,123.76691,3,539,83554,2024
Port of Lagundi,PHLGD*,MSB,12.40026,123.74772,3,1453,129881,2024
Port of Mobo (Kho),PHMOB*,MSB,12.3424,123.65182,4,1688,267550,2024
Port of Mintac (Kho),PHMTC*,MSB,11.95553,124.02041,4,486,65532,2024
Port of Calapan,PHCLP,MDO,13.42988,121.19568,1,14140,3358887,2024
Port of Abra de Ilog,PHADI*,MDO,13.46737,120.77257,2,5162,813363,2024
Port of Lubang,PHLBX,MDO,13.81884,120.20159,2,794,89704,2024
Port of Puerto Galera,PHPGA,MDO,13.50683,120.93346,2,3353,574989,2024
"Dangay Port (Roxas, Oriental Mindoro)",PHRXO*,MDO,12.5943,121.53048,2,2784,417890,2024
Port of San Jose,PHSJI,MDO,12.3292,121.08498,2,671,94924,2024
Port of Bulalacao,PHBUC*,MDO,12.31385,121.34191,3,720,189678,2024
Port of Ozamiz,PHOZC,MOZ,8.13972,123.84573,1,11435,1565486,2024
Port of Plaridel,PHPLA,MOZ,8.60738,123.72576,2,166,126191,2024
Port of Cagayan de Oro,PHCGY,MOC,8.49928,124.66325,1,2584,921416,2024
Port of Balingoan,PHBGN*,MOC,9.00567,124.84503,2,6106,671801,2024
Port of Benoni,PHBNN*,MOC,9.14018,124.793,2,5201,621379,2024
Port of Balbagon,PHBBN*,MOC,9.24736,124.73639,3,720,76830,2024
Port of Banago/BREDCO,PHBCD,NBBB,10.67794,122.94052,1,18619,3013927,2024
Port of Pulupandan,PHPUL,NBBB,10.52225,122.79708,2,1251,84267,2024
Port of San Carlos (Negros Occidental),PHSCS*,NBBB,10.47846,123.42181,2,459,42522,2024
Cadiz City Commercial Port,PHCAZ,NBBB,10.95522,123.32443,3,394,38682,2024
Port of Escalante (Barcelona),PHESC*,NBBB,10.82047,123.55692,4,4754,469862,2024
Port of EB Magalona (FF Cruz),PHEBM*,NBBB,10.91563,123.00675,4,1476,160712,2024
Port of Dumaguete,PHDGT,NOS,9.31315,123.31096,1,9707,1783612,2024
Port of Larena,PHLNA,NOS,9.25151,123.59082,2,1243,229475,2024
Port of Guihulngan-Bulado,PHGHG,NOS,10.18978,123.29125,3,2094,409214,2024
Port of Sibulan (incl. MSI),PHSIB*,NOS,9.36107,123.28551,3,10366,920590,2024
Port of Siquijor,PHSQJ*,NOS,9.28122,123.51236,3,3572,774246,2024
Port of Tampi (MSI),PHTMP*,NOS,9.44889,123.23867,4,7249,770470,2024
Port of Puerto Princesa,PHPPS,PLW,9.74375,118.72893,1,1012,136068,2024
Port of Coron,PHXCN,PLW,11.99156,120.21171,2,3521,166398,2024
Port of Culion,PHCUJ,PLW,11.89522,120.01981,2,709,42166,2024
Port of Cuyo,PHCYU,PLW,10.85303,121.0038,2,499,74241,2024
Port of El Nido,PHENI,PLW,11.18103,119.38655,2,1622,134375,2024
Port of Linapacan,PHLPC*,PLW,11.49006,119.87142,3,1028,38375,2024
Port of San Fernando (Palawan),PHSFP*,PLW,11.32827,119.53943,3,998,32849,2024
Port of Iloilo,PHILO,PNG,10.68987,122.58166,1,83981,8226213,2024
Port of Roxas-Culasi,PHCSI,PNG,11.61171,122.71523,2,1216,106966,2024
Port of Dumangas-Naluoyan,PHDUM*,PNG,10.77979,122.7093,2,13318,2270707,2024
Port of Jordan,PHGMS,PNG,10.66467,122.58464,2,45189,4301148,2024
Port of Buenavista,PHBNV*,PNG,10.68878,122.61302,3,28840,2464323,2024
Port of Sibunag,PHSBN*,PNG,10.49714,122.67469,3,1252,82186,2024
Port of Ajuy (FF Cruz),PHAJU,PNG,11.04594,122.93478,4,1475,157883,2024
Port of General Santos,PHGES,SSG,6.09384,125.15757,1,1194,26322,2024
Port of Mabila,PHMBA*,SSG,5.41523,125.42557,3,1034,41686,2024
Port of Surigao,PHSUG,SUG,9.78291,125.5009,1,12492,1874256,2024
Port of Dapa,PHDAP*,SUG,9.75783,126.0511,2,4564,830522,2024
Port of San Jose (Dinagat Islands),PHDNG,SUG,10.00868,125.57086,2,3845,501795,2024
Port of Del Carmen,PHIAO,SUG,9.8684,125.96835,3,511,57775,2024
Port of Hayanggabon,PHHGB*,SUG,9.54089,125.84043,3,1149,58487,2024
Port of Ormoc,PHORC,WLB,11.00535,124.607,1,8082,1446223,
Port of Hilongos,PHHIL,WLB,10.36927,124.74167,2,2050,826582,
Port of Maasin,PHMAA,WLB,10.13213,124.84107,2,634,63701,
Port of Naval,PHNVL*,WLB,11.56027,124.39165,2,1089,56244,
Port of Palompon,PHPPN,WLB,11.05192,124.38273,2,1086,158843,
Port of Bato,PHBTO*,WLB,10.32849,124.78677,3,1542,134077,
Port of Baybay,PHBYB,WLB,10.67606,124.79714,3,503,128777,
Port of Limasawa-Magallanes,PHLMW,WLB,9.91224,125.07741,3,1167,64293,
Port of Maripipi,PHMPP*,WLB,11.7791,124.34916,3,806,38231,
Port of Padre Burgos,PHPBG*,WLB,10.03176,125.01862,3,1160,157495,
Port of Isabel (Pingag),PHISL,WLB,10.89732,124.45101,4,1065,130152,
Port of Zamboanga,PHZAM,ZBA,6.90298,122.07424,1,8298,2545863,
Port of Isabela,PHBCT,ZBA,6.70913,121.97171,2,5443,1383135,
Port of Dapitan,PHDPN*,ZDN,8.6384,123.38103,1,4457,843150,
Port of Dipolog,PHDPL,ZDN,8.56032,123.32778,3,328,162624,